,ID,community,CPDB,NicheNet
0,ADGRL1,True,True,False
1,IRAK4,True,False,False
2,IL13,True,True,True
3,LEFTY2,True,True,True
4,KIR3DL3,True,False,False
5,IL22RA2,True,False,True
6,ITGB1,True,True,True
7,GDF9,True,True,True
8,CNTF,True,True,True
9,EPHB3,True,True,True
10,CD22,True,True,True
11,AHSG,True,False,False
12,XCL1,True,True,True
13,BTN3A3,True,False,False
14,ACVR1C,True,True,True
15,MCFD2,True,False,False
16,ATP6AP2,True,True,True
17,F12,True,False,False
18,F2RL3,True,False,True
19,NCR3LG1,True,True,False
20,HTR1F,True,True,True
21,CCL22,True,True,True
22,FGF22,True,True,True
23,THPO,True,True,True
24,ULBP3,True,True,False
25,NR1H3,False,True,False
26,COL16A1,True,True,False
27,APLP1,True,False,False
28,ALCAM,True,True,True
29,GPC1,True,False,True
30,TNFRSF25,True,True,True
31,IL22RA1,True,True,True
32,DSC1,True,True,False
33,C3,True,True,True
34,NRP1,True,True,True
35,CD40,True,True,True
36,CD81,True,False,False
37,ANGPTL7,True,False,False
38,MMP7,True,False,False
39,C4B,True,False,False
40,CD209,True,True,False
41,VEGFB,True,True,True
42,TACR3,True,True,True
43,RIMS1,True,False,False
44,PTDSS1,True,False,True
45,FGF20,True,True,False
46,F11R,True,True,True
47,DPEP2,False,True,False
48,HSD17B12,False,True,False
49,PTPRS,True,True,True
50,NMS,True,True,True
51,COMP,True,False,True
52,GCG,True,True,True
53,RXFP3,True,True,True
54,ADIPOQ,True,True,True
55,CELSR3,False,True,False
56,CLEC2A,True,True,False
57,EPHA6,True,False,True
58,PLXNB2,True,True,True
59,CD177,True,True,False
60,MMP24,True,False,False
61,HJV,True,False,False
62,KIDINS220,True,False,False
63,ETV5,True,False,False
64,FGF21,True,True,False
65,IL31RA,True,False,True
66,OLR1,True,False,False
67,ESAM,True,False,True
68,SEMA7A,True,True,True
69,KCNH1,False,False,True
70,UTS2B,True,True,True
71,CR1,True,False,False
72,LILRB1,True,True,True
73,P4HB,True,True,False
74,CSF1R,True,True,True
75,SERPINA7,True,False,False
76,CCL5,True,True,True
77,CALML3,True,False,False
78,CCL11,True,True,True
79,TGFB1,True,True,True
80,PLSCR1,True,False,False
81,HRH3,True,True,True
82,SCT,True,True,True
83,PTCH2,True,True,True
84,NEGR1,True,False,True
85,CD163,True,False,False
86,CLEC10A,True,False,False
87,SNX14,True,False,False
88,STAB1,True,False,False
89,CXCR5,True,True,True
90,OSTN,True,True,True
91,HHLA2,True,False,False
92,MTTP,True,False,False
93,MICB,True,True,False
94,LAMA5,True,False,False
95,GPR135,True,False,True
96,HHIP,True,True,True
97,HTR3E,False,True,False
98,PROKR2,True,True,True
99,SERPINC1,True,False,True
100,PLGRKT,True,False,False
101,IL3RA,True,True,True
102,CCR10,True,True,True
103,IFNAR2,True,True,True
104,JMJD6,True,False,True
105,TPH1,True,False,True
106,PDCD2,True,False,False
107,IL11RA,True,True,True
108,IFNA14,True,True,True
109,SEMA4G,False,True,False
110,MADCAM1,True,True,True
111,PAM,True,False,False
112,ITGA6,True,True,True
113,MMP2,True,True,False
114,BMP1,True,False,False
115,OPRK1,True,True,True
116,LRP6,True,True,True
117,AGT,True,True,True
118,TFF1,True,True,False
119,ADRA2C,False,True,False
120,LAMC3,True,False,True
121,SEMA3G,True,False,False
122,FLOT1,True,False,False
123,SFRP4,False,True,False
124,TLR6,True,False,False
125,MC5R,True,True,True
126,FAS,True,True,True
127,APELA,True,True,False
128,SFRP5,False,True,False
129,KLRC1,True,True,True
130,CD44,True,True,True
131,ADCY9,True,False,False
132,BCAM,True,False,False
133,GAS1,True,True,False
134,APOBR,False,True,False
135,PRG4,True,False,False
136,LTBP3,True,False,False
137,HTR4,True,True,True
138,CXCL8,True,True,True
139,KCNJ10,True,False,False
140,GHSR,True,True,True
141,CCR5,True,True,True
142,NOTCH3,True,True,True
143,LPP,True,False,False
144,ITGAD,True,True,True
145,VANGL2,True,False,False
146,MAML2,True,False,False
147,NTRK1,True,True,True
148,TGFBR3,True,True,True
149,LRP5,True,True,True
150,NRXN1,True,False,True
151,COL26A1,False,True,False
152,IL17F,True,True,True
153,TIMP2,True,False,False
154,HTR5A,True,True,True
155,AGRN,True,True,True
156,ERBB4,True,True,True
157,ACKR2,True,True,True
158,MERTK,True,True,True
159,EGF,True,True,True
160,FGG,True,True,False
161,CRISP3,True,False,False
162,FN1,True,True,True
163,PDGFB,True,True,True
164,DEFB106B,True,False,False
165,IL34,True,True,False
166,LDLR,True,True,True
167,SHBG,True,False,False
168,IL36A,True,True,False
169,KLRF2,True,True,False
170,GPR171,True,False,False
171,UNC5B,True,True,False
172,NPY1R,True,True,True
173,TNFSF10,True,True,True
174,BSG,True,True,False
175,CD72,True,True,False
176,SORT1,True,True,True
177,CRHR2,True,True,True
178,CHRM4,False,True,False
179,CEACAM5,True,True,False
180,LAMC1,True,True,False
181,NTNG1,True,False,True
182,GNAS,True,False,False
183,LCN2,True,True,False
184,IFNA8,True,True,True
185,SIGLEC8,True,False,False
186,GRIN2A,True,True,False
187,TFRC,True,True,True
188,LTA,True,True,True
189,OGN,False,True,False
190,MXRA5,True,False,False
191,PTGER1,False,True,False
192,LILRB4,True,True,False
193,CTLA4,True,True,True
194,AIMP1,False,True,False
195,EPHA8,True,True,True
196,CCL4L1,True,False,True
197,KLRG2,True,True,False
198,IFNAR1,True,True,True
199,CX3CL1,True,True,True
200,GABBR2,True,False,False
201,LEPR,True,True,True
202,INHBB,True,True,True
203,IL2RG,True,True,True
204,PROS1,True,True,True
205,PTGDR2,True,True,True
206,FABP5,True,False,False
207,SMAP1,True,False,False
208,SNCA,True,False,False
209,LAG3,True,True,False
210,FASLG,True,True,True
211,AMELY,True,False,False
212,EFNA3,True,True,True
213,HCRTR1,True,True,True
214,PI16,True,False,False
215,CLEC1B,True,False,False
216,BCAN,True,False,False
217,FGFR1,True,True,True
218,C1QTNF5,True,False,False
219,CYP17A1,False,True,False
220,KIR3DL1,True,True,True
221,PGF,True,True,True
222,VLDLR,True,True,True
223,ADAM2,True,False,True
224,C10orf99,False,True,False
225,TTR,False,True,False
226,LRP10,True,False,False
227,FBN1,True,True,False
228,IL17A,True,True,True
229,PTH2R,True,True,True
230,SPX,True,True,False
231,PLAU,True,True,True
232,ADCYAP1R1,True,True,True
233,EDNRA,True,True,True
234,LMAN1,True,False,False
235,IL4R,True,True,True
236,NR0B2,True,False,False
237,RORA,False,True,False
238,SSTR3,True,True,True
239,TRPC3,True,False,False
240,IL25,True,True,True
241,KREMEN1,True,True,True
242,CHRNA4,True,True,False
243,NPR3,True,True,True
244,BMP8B,True,True,True
245,IGF1R,True,True,True
246,ANPEP,True,False,False
247,LILRB2,True,True,False
248,NGF,True,True,True
249,GDF15,True,True,False
250,GPR20,True,False,False
251,CLEC4M,True,True,False
252,FGA,True,True,True
253,BMPR1B,True,True,True
254,APLP2,True,False,False
255,PTGES,False,True,False
256,BOC,True,True,True
257,MEGF10,True,False,False
258,EFNA2,True,True,True
259,SEMA3C,True,True,True
260,DNAJB11,True,False,False
261,NR1H2,False,True,False
262,CD24,True,True,True
263,CD180,True,False,False
264,GFRAL,True,True,False
265,ALKAL1,True,False,False
266,ECM1,True,False,False
267,COL5A2,True,True,False
268,PDGFRB,True,True,True
269,CD55,True,True,False
270,TRAF3,True,False,False
271,NPTXR,True,False,False
272,ADRB2,True,True,False
273,CALCRL,True,True,True
274,AREG,True,True,True
275,CATSPER2,False,True,False
276,FGB,True,True,False
277,ENG,True,False,False
278,INSL3,True,True,True
279,PRTG,True,False,False
280,ACVRL1,True,True,True
281,SDC3,True,False,True
282,CD5,True,False,False
283,DMP1,True,False,False
284,IL21R,True,True,True
285,FGF16,True,False,True
286,NPFF,True,False,True
287,S1PR2,True,True,False
288,TNFRSF6B,True,True,True
289,LTA4H,False,True,False
290,MGRN1,True,False,True
291,ASMT,False,True,False
292,FAM19A5,False,True,False
293,RARRES2,True,True,True
294,IZUMO1R,True,False,False
295,AGTR1,True,True,True
296,LAMB2,True,False,True
297,P2RX7,True,False,False
298,TYRO3,True,True,True
299,MMP12,True,False,False
300,RHAG,True,False,False
301,MRGPRX2,True,True,True
302,HSD3B1,False,True,False
303,ITGA3,True,True,True
304,CYP21A2,False,True,False
305,DPP4,True,True,False
306,TNFRSF11A,True,True,True
307,ITGA1,True,True,True
308,TXLNA,True,False,False
309,BMP10,True,True,True
310,C1QBP,True,False,False
311,LYZ,True,False,False
312,FAM19A4,False,True,False
313,TNFSF4,True,True,True
314,EDN1,True,False,True
315,PCSK1N,True,False,False
316,DCLK3,True,False,False
317,TGFA,True,True,True
318,KIR3DS1,True,True,False
319,WNT6,True,True,False
320,SYK,True,False,False
321,TNFRSF10B,True,True,True
322,MUC5AC,True,False,False
323,CSF3,True,True,True
324,SLAMF1,False,True,False
325,IL4,True,True,True
326,GDF5,True,True,True
327,GRM4,True,False,True
328,TNFRSF11B,True,True,True
329,PTHLH,True,True,True
330,LEP,True,True,True
331,GIPR,True,True,True
332,GP6,True,False,True
333,NOTCH1,True,True,True
334,FZD4,True,True,True
335,GPR35,True,True,False
336,ICAM5,True,False,True
337,RTN4RL1,True,False,False
338,PPARG,False,True,False
339,SERPINE1,True,False,True
340,AVP,True,True,True
341,DLL1,True,True,True
342,CD7,True,False,False
343,HSP90AA1,True,False,False
344,GFRA3,True,True,True
345,DAGLB,False,True,False
346,ANGPT1,True,True,True
347,CD247,True,False,False
348,HLA-DPB1,True,True,False
349,CDON,True,True,True
350,LGI2,True,False,False
351,CYP11A1,False,True,False
352,ADCY8,True,False,False
353,WNT8A,True,True,False
354,TPSAB1,True,False,False
355,IL15RA,True,True,True
356,OR1G1,True,False,False
357,EZR,True,True,False
358,LAMP2,True,False,False
359,CD320,True,False,False
360,KCNJ4,True,False,False
361,MYLK2,True,False,True
362,KITLG,True,True,True
363,FCGR2A,True,True,False
364,ZNRF3,True,False,False
365,SEMA3D,True,False,False
366,NPR1,True,True,True
367,IBSP,True,False,True
368,GRPR,True,True,True
369,HLA-B,True,True,True
370,HCRTR2,True,True,True
371,CCR7,True,True,True
372,FDX1,False,True,False
373,IL17RC,True,True,True
374,RELN,True,True,True
375,PTPRG,True,False,False
376,UTS2R,True,True,True
377,RTN4RL2,True,False,False
378,ITGA11,True,True,True
379,LHCGR,True,True,True
380,JAG2,True,True,True
381,OGFR,True,False,True
382,CKLF,True,False,False
383,NPTX2,True,False,False
384,NETO2,False,True,False
385,IGFLR1,True,True,False
386,ZPBP2,True,False,False
387,NSMF,False,True,False
388,EPHB2,True,True,True
389,NID2,True,False,False
390,ST6GAL1,True,False,False
391,EDIL3,True,False,False
392,KREMEN2,True,True,True
393,CRLF2,True,True,True
394,ZP3,True,False,True
395,LPAR3,True,False,False
396,MCHR1,True,True,True
397,CD248,True,False,False
398,GPR15,False,True,False
399,MYOC,True,False,False
400,ACKR3,True,True,True
401,CD300LB,True,False,False
402,INHBA,True,True,True
403,TYROBP,True,True,False
404,GPR55,False,True,False
405,RLN3,True,True,True
406,CHRNA7,True,True,False
407,PENK,True,True,True
408,CD59,True,False,False
409,ENHO,True,True,False
410,TRHR,True,True,True
411,SHH,True,True,True
412,WNT8B,True,True,False
413,TNFRSF21,True,True,True
414,LRP2,True,False,True
415,PTGER3,True,True,False
416,LAMA3,True,True,False
417,SLITRK2,True,False,False
418,CCBE1,True,False,False
419,CXCR1,True,True,True
420,PDAP1,True,False,False
421,CHRNB3,False,True,False
422,NTRK3,True,True,True
423,CCL17,True,True,True
424,ENTPD1,True,True,False
425,GRM3,True,False,False
426,SFTPA1,True,False,False
427,OSM,True,True,True
428,FGF3,True,True,True
429,FZD2,True,True,True
430,ADAM7,True,False,False
431,CD14,True,False,False
432,COL28A1,False,True,False
433,TGFBR2,True,True,True
434,GSTM2,True,False,False
435,HAS2,True,False,True
436,DDC,False,True,False
437,ARF1,True,True,True
438,GC,True,False,False
439,GAST,True,True,True
440,SELL,True,True,True
441,IFNA13,False,False,True
442,ANGPT4,True,True,True
443,CTHRC1,True,False,False
444,BMP6,True,True,True
445,TRPM2,True,False,False
446,ACVR2A,True,True,True
447,PLXND1,True,True,True
448,NPSR1,True,True,True
449,ATRN,True,False,True
450,CCL26,True,True,True
451,PILRA,True,True,False
452,CD38,True,True,False
453,CFC1,True,True,False
454,TCN2,True,False,False
455,DAG1,True,True,True
456,IL11,True,True,True
457,DEFB1,True,False,False
458,TNFRSF13B,True,True,True
459,IFNE,True,True,True
460,UCN2,True,True,True
461,IZUMO1,True,False,False
462,XCR1,True,True,True
463,CLDN11,False,False,True
464,GPR83,True,False,False
465,F9,True,False,True
466,PTPRA,True,False,False
467,KCND1,True,False,False
468,TPSB2,True,False,False
469,CCL4,True,True,True
470,IL18BP,True,False,False
471,EDAR,True,True,True
472,RYK,True,True,True
473,CXCL9,True,True,True
474,IL31,True,False,True
475,TSLP,True,True,True
476,FLT4,True,True,True
477,HLA-DRB1,True,True,False
478,GNB3,True,False,False
479,FPR2,True,True,True
480,GNRHR,True,True,True
481,FNDC5,True,False,False
482,RBP4,True,True,False
483,NCAM1,True,True,True
484,PSG7,True,False,False
485,S100A8,True,False,False
486,LPAR1,True,False,True
487,CYR61,False,False,True
488,COL13A1,True,True,False
489,IL1RAPL1,True,True,True
490,COL6A1,True,True,False
491,OPRD1,True,True,True
492,IL1RL1,True,True,False
493,KCNA3,True,False,False
494,IGF2,True,True,True
495,IFNL4,True,False,False
496,DIO3,False,True,False
497,RSPO3,True,True,True
498,RHBDL2,True,False,False
499,FRS3,True,False,False
500,CALM2,True,False,True
501,EBI3,True,True,False
502,CD34,True,True,True
503,IL17RA,True,True,True
504,PTPRK,True,True,False
505,NECTIN4,True,True,False
506,CD2,True,True,True
507,IGFL2,True,True,False
508,PPBP,True,True,True
509,IL17B,True,False,True
510,CSHL1,True,True,True
511,HTR2B,True,True,True
512,NPY5R,True,True,True
513,NID1,True,False,True
514,NMUR2,True,True,True
515,CRLF1,True,False,True
516,UNC5D,True,True,False
517,NECTIN3,True,True,True
518,GLP1R,True,True,True
519,PLXNB3,True,True,True
520,NTF4,True,True,True
521,IL18R1,True,True,True
522,MFAP5,True,False,False
523,MST1R,True,True,True
524,DRD5,False,True,False
525,CALM1,True,False,True
526,TACR2,True,True,True
527,HLA-DMA,False,False,True
528,PDGFA,True,True,True
529,CRTAM,True,True,False
530,RARA,False,True,False
531,EPHB1,True,True,True
532,PTGIS,False,True,False
533,ADGRB1,True,False,False
534,CALCB,True,True,True
535,TNFSF15,True,True,True
536,LTB,True,True,True
537,ADAM28,True,False,False
538,ROBO4,True,False,True
539,SLIT3,True,False,False
540,MT-RNR2,True,True,False
541,C5AR1,True,True,True
542,KEL,True,False,False
543,PCSK9,True,False,False
544,NPBWR2,True,True,True
545,ALDH1A2,False,True,False
546,CCR4,True,True,True
547,HEBP1,True,True,True
548,LEFTY1,True,True,False
549,COL1A1,True,True,True
550,LGI1,True,False,False
551,CD274,True,True,True
552,SFRP2,True,True,False
553,C1QB,True,False,False
554,FBLN1,True,False,False
555,CD3G,True,False,False
556,CLEC11A,True,False,True
557,SLAMF9,True,False,False
558,ABCA1,True,True,False
559,NLGN1,True,False,True
560,CCL8,True,True,True
561,AR,True,True,False
562,SHANK2,True,False,False
563,PTGR1,False,True,False
564,ADORA1,True,True,False
565,HP,True,False,False
566,HGF,True,True,True
567,AQP5,True,False,False
568,ICAM3,True,True,True
569,OBP2A,True,False,False
570,KISS1R,True,True,True
571,WNT3,True,True,True
572,LIFR,True,True,True
573,FCGR3B,True,False,False
574,NRTN,True,True,True
575,SCARB1,True,False,True
576,GPC5,True,False,False
577,UTS2,True,True,True
578,KLRD1,True,True,True
579,IFITM1,True,False,False
580,F11,True,False,False
581,DLK1,True,True,True
582,MUC6,True,False,False
583,GJB2,True,False,False
584,PLD2,True,True,True
585,PDE1A,True,False,True
586,CD68,True,False,False
587,LTBP1,True,False,False
588,OLFM2,True,False,False
589,KLRB1,True,True,False
590,SIRPB1,False,True,False
591,IL36G,True,True,False
592,DEFB4B,True,False,True
593,OSMR,True,True,True
594,ARF6,True,False,False
595,GDF1,True,True,False
596,ADGRE5,True,True,False
597,WNT2,True,True,False
598,CELSR1,True,False,False
599,MUC7,True,False,False
600,ANOS1,True,False,False
601,FAM3D,True,False,False
602,DEFB103A,True,False,False
603,LRP4,True,True,False
604,TYR,False,True,False
605,WNT3A,True,True,True
606,WIF1,True,True,False
607,F13A1,True,False,False
608,IL5RA,True,True,True
609,FZD9,True,True,True
610,GPRC5D,False,True,False
611,THRA,False,True,False
612,ICOSLG,True,True,True
613,CD28,True,True,True
614,NPFFR2,True,False,True
615,FLRT3,True,False,False
616,ULBP1,True,True,False
617,ADORA2B,True,True,False
618,NPPB,True,True,True
619,FADD,True,False,False
620,BMP3,True,False,True
621,LGALS1,True,False,False
622,DKK1,True,True,True
623,ROR1,True,True,False
624,CTGF,False,False,True
625,FGF11,True,False,True
626,COL9A3,True,True,False
627,CD4,True,False,True
628,HFE,True,True,False
629,FGF13,True,False,True
630,EPHA2,True,True,True
631,XPR1,False,True,False
632,SIGLEC15,False,True,False
633,PLA2G10,True,False,False
634,CHRNB4,True,True,False
635,FCRL1,True,False,False
636,FCN2,True,False,False
637,PI3,True,False,False
638,PIGA,True,False,False
639,CSF2RB,True,True,True
640,CHRNA10,True,False,False
641,CR2,True,True,False
642,PIP,True,False,False
643,ADM,True,True,True
644,CRABP2,False,True,False
645,FGF18,True,True,True
646,SFRP1,True,True,False
647,IL20RA,True,True,True
648,IL36B,True,True,False
649,IHH,True,True,True
650,MPL,True,True,True
651,CLCF1,True,True,True
652,LRRC4B,True,False,True
653,GRM7,True,False,False
654,MICA,True,True,False
655,PTPN11,True,False,False
656,TLR9,True,False,False
657,TNFRSF8,True,True,True
658,MPIG6B,True,False,False
659,IL7R,True,True,True
660,MRC2,True,True,False
661,ADA,True,False,False
662,KCNQ3,True,False,False
663,COL4A1,True,True,True
664,CCL27,True,True,True
665,MTNR1B,True,True,True
666,IL17RE,True,True,True
667,TMED5,True,False,False
668,NRXN3,True,False,True
669,PTGIR,True,True,False
670,HMMR,True,False,True
671,RXRB,False,True,False
672,TRPC5,True,False,False
673,C4A,True,True,False
674,LILRA1,True,False,False
675,GRIN2B,True,True,False
676,S100A10,True,False,False
677,ADORA2A,True,True,False
678,CATSPER3,False,True,False
679,GNRH1,True,True,True
680,CCL24,True,True,True
681,NR3C2,False,True,False
682,GH2,True,True,True
683,DRD2,True,True,False
684,AQP6,True,False,False
685,GRP,True,True,True
686,ESR1,True,True,False
687,LIF,True,True,True
688,CNR1,True,True,False
689,MUC1,True,False,False
690,APOB,True,True,True
691,PPIA,False,True,False
692,ADAM15,True,False,True
693,HSD17B6,False,True,False
694,GCGR,True,True,True
695,TFF2,True,False,False
696,CLDN4,True,False,False
697,CANX,True,False,False
698,CYTL1,True,False,False
699,ITGA4,True,True,True
700,CADM1,True,True,True
701,THBD,True,True,True
702,SIGLEC1,True,True,True
703,EFNA4,True,True,True
704,DSG3,True,False,False
705,PPARD,False,True,False
706,TIMP1,True,True,False
707,KMT2E,True,False,False
708,MIP,True,False,False
709,AKR1B1,False,True,False
710,KLB,True,True,False
711,IFNGR1,True,True,True
712,LTC4S,False,True,False
713,ADRA1A,False,True,False
714,ICAM1,True,True,True
715,FGF9,True,True,True
716,CSF2,True,True,True
717,FGFR3,True,True,True
718,IL32,True,False,False
719,CXCL16,True,True,True
720,DPEP1,False,True,False
721,SERTAD1,True,False,False
722,CADM3,True,True,True
723,COL24A1,False,True,False
724,LYPD3,True,False,False
725,FGF1,True,True,True
726,CXCL17,True,True,False
727,REN,True,True,True
728,FPR3,True,True,True
729,CDH1,True,True,True
730,WNT5B,True,True,False
731,CHRM3,True,True,False
732,F2,True,True,True
733,CXCL5,True,True,True
734,HLA-DRA,True,False,True
735,KISS1,True,True,True
736,SDK2,True,False,False
737,GPER1,False,True,False
738,PLXNA1,True,True,True
739,INS,True,True,True
740,MAS1,True,False,True
741,CXCL3,True,True,True
742,TNFSF13,True,True,True
743,PDGFC,True,True,True
744,BST1,True,False,False
745,SCN2B,True,False,False
746,AMHR2,True,True,True
747,RXRA,True,True,False
748,P2RY6,False,True,False
749,JAK1,True,False,False
750,FZD7,True,True,True
751,SMAD3,True,False,False
752,LY96,True,False,False
753,F7,True,False,True
754,LAMA4,True,False,False
755,CCL3,True,True,True
756,CDH15,False,False,True
757,ADRA2A,True,True,False
758,PVR,True,True,True
759,FARP2,True,False,False
760,CLEC14A,True,False,False
761,CXCL14,True,True,False
762,IFNA2,True,True,True
763,RAMP2,True,True,True
764,TRPV6,True,False,False
765,PLXDC2,True,False,False
766,GUCA2A,True,True,True
767,DBP,True,False,False
768,CHRNA3,True,True,False
769,SRD5A3,False,True,False
770,BMP7,True,True,True
771,CATSPERD,False,True,False
772,LRRC4,True,False,True
773,MEPE,True,False,False
774,CALM3,True,False,True
775,SDC2,True,False,True
776,PSAP,True,True,True
777,HLA-F,True,True,True
778,NOTCH4,True,True,True
779,AKR1D1,False,True,False
780,ADRB3,True,True,False
781,PTPRF,True,False,True
782,ADRA1D,False,True,False
783,ITGAL,True,True,True
784,CDH4,False,False,True
785,CATSPER4,False,True,False
786,NLGN3,True,False,True
787,NTNG2,True,False,True
788,FCGR1A,True,False,False
789,CD160,True,True,False
790,KCNJ15,True,False,False
791,BEX3,True,False,False
792,COL20A1,False,True,False
793,AANAT,True,False,True
794,GPR101,False,True,False
795,MFNG,True,False,False
796,IFNL2,True,True,True
797,LAIR2,True,False,False
798,PGR,False,True,False
799,VSIG10L,True,False,False
800,GPRC5B,False,True,False
801,NELL2,True,True,False
802,CP,True,False,False
803,GP1BA,True,True,True
804,TCN1,True,False,False
805,LCN1,True,False,False
806,SIGLEC6,True,False,False
807,CYSLTR1,False,True,False
808,DRD4,True,True,False
809,AGER,True,True,False
810,HLA-DQA1,True,False,False
811,WNT9B,True,True,False
812,TNC,True,True,True
813,TRH,True,True,True
814,NCR1,True,False,False
815,QRFPR,True,True,True
816,C1QTNF1,True,False,False
817,GPNMB,True,False,False
818,ST14,True,False,False
819,MYLK,True,False,True
820,CATSPERB,False,True,False
821,LTB4R,False,True,False
822,CELSR2,True,True,False
823,IGFBP3,False,True,False
824,NTSR1,True,True,True
825,RAMP1,True,True,True
826,NRP2,True,True,True
827,ADO,True,False,False
828,TNFSF14,True,True,True
829,PLA2G2A,True,True,False
830,SEMA5B,True,False,False
831,HTR1A,True,True,True
832,KNG1,True,True,True
833,IFNA7,True,True,True
834,GPHA2,True,True,True
835,SORCS2,True,False,False
836,A1BG,True,False,False
837,TNFRSF1B,True,True,True
838,EFEMP2,True,False,False
839,IL23R,True,True,True
840,IL27RA,True,True,False
841,ITGAM,True,True,True
842,CHAT,False,True,False
843,RET,True,True,True
844,CALCR,True,True,True
845,IFNG,True,True,True
846,FGF19,True,True,True
847,BRS3,True,False,False
848,MMP13,True,False,True
849,SIGLEC9,True,False,False
850,CSF3R,True,True,True
851,MIA,True,False,False
852,SCGB3A2,True,False,False
853,FCAMR,True,False,False
854,GRN,True,True,False
855,APP,True,True,True
856,NR1I2,False,True,False
857,HTR1E,True,True,True
858,CD48,True,True,False
859,PODXL,True,True,False
860,PLXNA4,True,True,True
861,MS4A4A,True,True,False
862,GAS6,True,True,True
863,IL24,True,True,True
864,RNASE2,True,False,False
865,TARM1,True,False,False
866,SLC1A5,True,True,False
867,ROBO1,True,True,True
868,DSG1,True,True,False
869,TLN1,True,False,False
870,CNTNAP2,True,False,True
871,HRH1,True,True,True
872,TAFA4,True,False,False
873,CCL2,True,True,True
874,STX3,True,False,False
875,ANXA1,True,True,True
876,CXCL11,True,True,True
877,RORB,False,True,False
878,NXNL1,False,True,False
879,CLEC2D,True,True,False
880,PLTP,True,False,False
881,S100B,True,False,False
882,ADRA2B,False,True,False
883,SLC2A2,True,False,False
884,DHH,True,True,True
885,RTN4R,True,False,True
886,ENPEP,True,False,False
887,EPHA5,True,True,True
888,PTPRD,True,False,False
889,RNF43,True,False,False
890,SLC18A2,True,False,False
891,TAC1,True,True,True
892,SERPINF1,True,False,False
893,CD63,True,False,False
894,CCN3,True,False,False
895,NRG2,True,True,True
896,BMPR1A,True,True,True
897,IL23A,True,True,True
898,SRD5A2,False,True,False
899,CD79A,True,False,False
900,CNTN3,True,False,False
901,GLP2R,True,True,True
902,TPO,True,True,False
903,ALDH1A1,False,True,False
904,ADCY1,True,False,False
905,MC4R,True,True,True
906,NFASC,True,False,True
907,L1CAM,True,True,True
908,CALCA,True,True,True
909,EPHB6,True,True,True
910,HSD17B3,False,True,False
911,APOC2,True,False,False
912,FGF12,True,False,True
913,LPL,True,False,False
914,KIT,True,True,True
915,RECK,True,False,False
916,NPB,True,True,True
917,CXCR4,True,True,True
918,APOC4,True,False,False
919,HCST,True,True,False
920,SULT1E1,False,True,False
921,APOA1,True,True,False
922,DHCR7,False,True,False
923,LUM,True,False,False
924,LIPC,True,False,False
925,FAM19A1,False,True,False
926,SLC40A1,True,False,False
927,CHRNB2,True,True,False
928,SLITRK5,True,False,False
929,COL4A3,True,True,False
930,CEACAM16,True,False,False
931,TNFSF8,True,True,True
932,PTN,True,True,True
933,OPRM1,True,True,True
934,GNAI2,True,False,False
935,ILDR1,True,False,False
936,EPHA4,True,True,True
937,NPVF,True,True,True
938,PTPRB,True,False,True
939,ALK,True,True,True
940,ENO1,True,False,False
941,BMP8A,True,True,False
942,RPH3A,True,False,False
943,NOV,False,True,True
944,PSG9,True,False,False
945,NCR2,True,False,False
946,RBP3,True,False,False
947,FGFR4,True,True,True
948,SV2A,False,False,True
949,CDH5,True,False,True
950,ADGRV1,True,True,False
951,DIP2A,True,False,False
952,CXCL10,True,True,True
953,SLC22A17,False,True,False
954,MRC1,False,True,False
955,SCN8A,True,False,False
956,MFAP2,True,False,False
957,IL18,True,True,True
958,PLXNA2,True,True,True
959,TREML4,True,False,False
960,COL4A5,True,True,False
961,TNFSF18,True,True,True
962,SPINK1,True,False,False
963,NXPH2,True,False,False
964,TRPM3,True,False,False
965,ACVR2B,True,True,True
966,F2RL1,True,False,True
967,SLIT2,True,True,True
968,FGF8,True,True,True
969,LILRA4,True,True,False
970,SPARC,True,False,False
971,INHBC,True,True,True
972,CD276,False,True,False
973,IFNA16,True,True,True
974,YBX1,True,False,False
975,EFNA5,True,True,True
976,RSPO2,True,True,True
977,RTN4,True,False,True
978,HLA-DQB1,True,False,False
979,RSPO4,True,True,True
980,SFTPA2,True,False,False
981,IL1RAPL2,True,False,False
982,PTGER2,True,True,False
983,COPA,False,True,True
984,NMB,True,True,True
985,CCL16,True,True,True
986,IGSF10,True,False,False
987,COLQ,True,False,False
988,PDYN,True,True,True
989,SCARF1,True,False,True
990,CADM4,False,True,False
991,PTGS2,True,False,True
992,ITGB6,True,True,True
993,COL27A1,False,True,False
994,KL,True,True,False
995,ADAM12,True,False,True
996,CER1,True,True,False
997,PTH1R,True,True,True
998,TMIGD2,True,False,False
999,CNTN4,True,False,False
1000,GPR25,True,True,False
1001,NXPH1,True,False,True
1002,CD70,True,True,True
1003,SIGLEC5,True,False,False
1004,NPPC,True,True,True
1005,PAPLN,True,False,False
1006,QRFP,True,True,True
1007,CNTN6,True,False,False
1008,EPHB4,True,True,True
1009,GFRA4,True,True,True
1010,GPC3,True,True,False
1011,CCL4L2,False,True,False
1012,EPHA3,True,True,True
1013,CD74,True,True,False
1014,RXFP4,True,True,True
1015,GSTP1,True,False,True
1016,ENAM,True,False,False
1017,IL20RB,True,True,True
1018,GP9,True,False,True
1019,SLITRK6,True,False,False
1020,WFIKKN2,True,False,False
1021,SEMA3E,True,True,True
1022,PRND,True,False,True
1023,SERPING1,True,False,True
1024,ANGPTL1,True,False,True
1025,COL6A5,False,True,False
1026,IL12RB2,True,True,True
1027,CCK,True,True,True
1028,SEMA3A,True,True,True
1029,F3,True,False,True
1030,CLEC12A,True,False,False
1031,CYP19A1,False,True,False
1032,CCL28,True,True,True
1033,GUCY2D,True,False,False
1034,IFNL1,True,True,True
1035,LRRC4C,True,False,True
1036,SIGLEC10,True,True,False
1037,LGI4,True,False,False
1038,PTPRZ1,True,True,True
1039,GDF11,True,True,True
1040,WNT5A,True,True,True
1041,P2RY14,True,False,True
1042,CFH,True,False,True
1043,CSH2,False,False,True
1044,IL7,True,True,True
1045,TMIGD3,True,False,False
1046,TGM2,True,False,False
1047,PDGFRA,True,True,True
1048,PTGFR,False,True,False
1049,NXPH3,True,False,True
1050,ITGAX,True,True,True
1051,CLEC2L,True,False,False
1052,EFNB2,True,True,True
1053,HLA-A,True,True,True
1054,RAMP3,True,True,False
1055,CNGA2,True,False,True
1056,AGRP,True,True,True
1057,SLPI,True,False,False
1058,C5AR2,True,True,True
1059,PYY,True,True,True
1060,ERBB3,True,True,True
1061,PLSCR4,True,False,False
1062,IGF1,True,True,True
1063,GPR75,True,True,True
1064,LPAR2,True,False,True
1065,DUSP18,True,False,True
1066,VASN,True,False,False
1067,CDH10,True,False,False
1068,LEAP2,True,True,False
1069,LMBR1L,True,False,False
1070,IAPP,True,True,True
1071,CDH3,False,False,True
1072,VIPR2,True,True,True
1073,RXRG,False,True,False
1074,GDF10,True,True,False
1075,FCER1A,True,False,False
1076,IGFL1,True,True,False
1077,ITGA7,True,True,True
1078,SLIT1,True,True,True
1079,FGF6,True,True,True
1080,IGF2R,True,True,True
1081,CEACAM8,True,True,False
1082,PRL,True,True,True
1083,TBXAS1,False,True,False
1084,BTN1A1,True,False,False
1085,NTN1,True,True,True
1086,LILRA3,True,False,False
1087,ADRA1B,False,True,False
1088,NMUR1,True,True,True
1089,CXCR3,True,True,True
1090,IL12B,True,True,True
1091,MELTF,True,False,False
1092,LY86,True,False,False
1093,MDK,True,True,True
1094,PDX1,True,False,False
1095,THRB,False,True,False
1096,AGTRAP,True,False,False
1097,SV2C,False,False,True
1098,ITGB3,True,True,True
1099,CXCL2,True,True,True
1100,CNTN1,True,True,True
1101,IL1R2,True,True,True
1102,KCNN4,True,False,False
1103,DSCAM,True,True,False
1104,CNMD,True,False,False
1105,TIE1,True,False,True
1106,PROKR1,True,True,True
1107,HAVCR2,True,True,False
1108,LINGO1,True,False,True
1109,CAMP,True,True,True
1110,PRLH,True,True,True
1111,LAMA1,True,False,True
1112,ADGRE2,True,False,False
1113,CXCL13,True,True,True
1114,CRISP2,True,False,False
1115,DHRS9,False,True,False
1116,SCN10A,True,False,False
1117,IL18RAP,True,True,True
1118,ADAM17,True,False,True
1119,PMCH,True,True,True
1120,LGALS3,True,True,False
1121,CACNA1C,True,False,False
1122,ALOX5,True,True,True
1123,SULT1A1,False,True,False
1124,PTH2,True,True,True
1125,ACTR2,True,False,False
1126,PNOC,True,True,True
1127,IL33,True,True,False
1128,LAMC2,True,False,True
1129,PPY,True,True,True
1130,BMP2,True,True,True
1131,CLEC4G,True,False,False
1132,SCN4A,True,False,False
1133,TNFSF9,True,True,True
1134,GUCY2C,True,True,True
1135,CNTNAP1,False,False,True
1136,CRLF3,True,False,False
1137,POMC,True,True,True
1138,IFNGR2,True,True,True
1139,FCGRT,False,True,False
1140,ROBO3,True,True,True
1141,CCR6,True,True,True
1142,SORCS3,True,False,False
1143,HLA-DPA1,True,True,False
1144,NTN3,True,False,True
1145,PLXNB1,True,True,True
1146,MET,True,True,True
1147,RIMS2,True,False,False
1148,PROK2,True,True,True
1149,ADIPOR2,True,True,True
1150,DPEP3,False,True,False
1151,SLITRK1,True,False,False
1152,MC2R,True,True,True
1153,GPR37,True,True,True
1154,PLAT,True,False,True
1155,DCC,True,True,True
1156,CHRNA5,False,True,False
1157,CLEC2B,True,True,False
1158,CD40LG,True,True,True
1159,ALB,True,True,False
1160,IL1R1,True,True,True
1161,OXER1,False,True,False
1162,AVPR1B,True,True,True
1163,APOC1,True,False,False
1164,GPR37L1,True,True,True
1165,PCNA,True,False,False
1166,PTH,True,True,True
1167,IL2RA,True,True,True
1168,C5,True,True,True
1169,ITGA2B,True,True,True
1170,CCKBR,True,True,True
1171,PDPN,True,False,False
1172,WNT10A,True,True,False
1173,SEMA3B,True,False,True
1174,SLC16A7,True,False,False
1175,KLK3,True,False,False
1176,BTN3A2,True,False,False
1177,SEMA5A,True,True,True
1178,DRD1,False,True,False
1179,TRPV1,True,False,False
1180,CFTR,True,False,False
1181,QDPR,True,False,False
1182,SPN,True,True,True
1183,NMU,True,True,True
1184,CHRNA6,False,True,False
1185,HRH2,True,True,True
1186,S100A9,True,False,False
1187,MRAP,True,False,False
1188,AVPR2,True,True,True
1189,COL18A1,True,True,True
1190,GALR3,True,True,True
1191,STX4,True,False,False
1192,EPHA1,True,True,True
1193,TOR2A,True,False,False
1194,BAMBI,True,False,True
1195,CCL20,True,True,True
1196,MBL2,True,False,False
1197,TNFRSF1A,True,True,True
1198,LRIG1,True,False,False
1199,RARB,False,True,False
1200,ADCYAP1,True,True,True
1201,ZG16B,True,False,False
1202,AMH,True,True,True
1203,LRP1,True,True,True
1204,RXFP1,True,True,True
1205,COL7A1,True,True,False
1206,KIR2DL4,True,False,True
1207,SPTBN2,True,False,False
1208,HLA-E,True,True,True
1209,FSHB,True,True,True
1210,TLR7,True,False,False
1211,VIM,True,False,False
1212,FLT3LG,True,True,True
1213,NTSR2,True,False,True
1214,NPTN,True,False,False
1215,COL10A1,False,True,False
1216,GFRA2,True,True,True
1217,HLA-G,True,True,True
1218,SPP1,True,True,True
1219,B2M,True,True,False
1220,CD5L,True,False,False
1221,RAET1G,True,True,False
1222,ADCY7,True,False,False
1223,GPR152,False,True,False
1224,LGALS9,True,True,False
1225,NPBWR1,True,True,True
1226,FGF10,True,True,True
1227,NPY,True,False,True
1228,EFNA1,True,True,True
1229,BMP5,True,True,True
1230,CCL21,True,True,True
1231,COL6A6,True,True,False
1232,HCRT,True,True,True
1233,MDGA1,True,False,False
1234,IL1F10,True,True,False
1235,UNC5A,True,True,True
1236,NLGN4Y,False,False,True
1237,NECTIN2,True,True,True
1238,CRH,True,True,True
1239,JAM3,True,True,True
1240,CUBN,True,True,False
1241,HLA-DRB3,True,False,False
1242,PRLHR,True,True,True
1243,ASGR1,True,False,False
1244,DKK3,True,False,False
1245,COL12A1,False,True,False
1246,HAPLN1,True,False,False
1247,SEMA4C,False,True,False
1248,WNT16,True,True,False
1249,GP1BB,True,True,True
1250,PITPNM3,True,False,False
1251,CAP1,True,False,False
1252,VDR,False,True,False
1253,FZD1,True,True,True
1254,RSPO1,True,True,True
1255,NECTIN1,True,True,True
1256,TLR2,True,False,False
1257,STRA6,True,True,False
1258,GLRA2,True,True,False
1259,CGA,True,True,True
1260,IL21,True,True,True
1261,MMRN2,True,False,False
1262,ITGAV,True,True,True
1263,KIR2DL2,True,False,False
1264,IMPG2,True,False,False
1265,STX1A,True,False,False
1266,KIR3DL2,True,True,True
1267,LVRN,True,False,False
1268,CNTFR,True,True,True
1269,EDN2,True,True,True
1270,BMP15,True,True,True
1271,CHRNA1,False,True,False
1272,HSPA1A,True,False,False
1273,COL11A1,True,True,False
1274,PDE1C,True,False,True
1275,PIGR,True,False,False
1276,ROR2,True,True,True
1277,CBR1,False,True,False
1278,HTR3B,False,True,False
1279,FFAR2,True,True,False
1280,VSIR,True,True,False
1281,ART1,True,False,False
1282,TULP1,False,True,False
1283,GPC2,True,False,False
1284,TEK,True,True,True
1285,GRM1,True,False,False
1286,PLEKHO2,False,False,True
1287,INSL5,True,True,True
1288,S1PR1,True,False,False
1289,INSR,True,True,True
1290,CCL7,True,True,True
1291,CD1A,True,False,False
1292,KIR2DS4,True,False,True
1293,NRSN1,True,False,False
1294,SIGLEC7,True,False,False
1295,GHRL,True,True,True
1296,ACKR1,True,True,False
1297,CCL13,True,True,True
1298,ALOX12,False,True,False
1299,LGI3,True,False,False
1300,IL19,True,True,True
1301,ADAM22,True,False,False
1302,PTGDR,True,True,False
1303,UCN3,True,True,True
1304,FZD8,True,True,True
1305,EPGN,True,True,True
1306,ADGRG1,True,False,False
1307,ADAM29,True,False,False
1308,NTF3,True,True,True
1309,S1PR3,True,False,False
1310,CFC1B,True,False,False
1311,RIPK1,True,True,False
1312,TLR4,True,False,False
1313,RARG,False,True,False
1314,TIMD4,True,False,False
1315,IGFBP4,True,False,False
1316,NLGN4X,True,False,False
1317,SLC16A1,True,True,False
1318,KCNQ1,True,False,False
1319,CD1D,True,True,False
1320,HRG,True,False,False
1321,LCK,False,True,False
1322,ANGPTL3,True,False,False
1323,IL15,True,True,True
1324,CCN1,True,False,False
1325,AGTR2,True,True,True
1326,EPHA10,True,False,False
1327,PHEX,True,False,False
1328,DKK4,True,False,False
1329,LSR,True,True,False
1330,CCN4,True,False,False
1331,C1QA,True,False,False
1332,GHRHR,True,True,True
1333,CCR2,True,True,True
1334,CHRNA2,False,True,False
1335,NTRK2,True,True,True
1336,TMEM219,True,True,False
1337,ORAI2,True,False,False
1338,ERVH48-1,False,True,False
1339,HRH4,True,True,True
1340,TNFRSF18,True,True,True
1341,VCAN,True,False,False
1342,CLU,False,True,False
1343,FGFR2,True,True,True
1344,BDKRB1,True,True,True
1345,PKM,True,False,False
1346,FCRL4,True,True,False
1347,AMELX,True,False,False
1348,TSPAN14,True,False,False
1349,EDA,True,True,True
1350,CCRL2,True,True,True
1351,CD47,True,True,True
1352,RYR2,True,False,False
1353,HTR1D,True,True,True
1354,CSF2RA,True,True,True
1355,SORBS1,True,False,False
1356,FSTL1,True,False,False
1357,MAG,True,False,True
1358,TGS1,True,False,False
1359,ERBB2,True,True,True
1360,HLA-DRB4,True,False,False
1361,ACE2,False,True,False
1362,LTK,True,False,False
1363,PSG6,True,False,False
1364,PLA2R1,True,False,False
1365,CEACAM6,True,True,False
1366,TNFRSF9,True,True,True
1367,IGFBPL1,True,False,False
1368,SEMA4A,True,True,False
1369,KCNQ5,True,False,False
1370,HSPA4,True,False,False
1371,AFDN,True,False,False
1372,NCL,True,False,False
1373,TNFRSF12A,True,True,True
1374,LYVE1,True,False,False
1375,HTR1B,True,True,True
1376,TREM1,True,False,False
1377,DRD3,False,True,False
1378,CHAD,True,False,True
1379,IL10,True,True,True
1380,GPIHBP1,True,False,False
1381,ATP5F1B,True,False,False
1382,HPX,True,False,False
1383,TNFRSF10A,True,True,True
1384,COL4A2,True,True,False
1385,LGALS3BP,True,False,False
1386,LIPH,True,False,True
1387,PSG4,True,False,False
1388,AKR1C3,False,True,False
1389,CD200R1,True,True,False
1390,NODAL,True,True,True
1391,ITGA10,True,True,True
1392,HLA-DQB2,True,True,False
1393,PIGF,True,False,False
1394,TSPAN15,True,False,False
1395,MC1R,True,True,True
1396,KLRC2,True,True,True
1397,FZD5,True,True,True
1398,GPR17,False,True,False
1399,THY1,True,True,False
1400,HLA-DRB5,True,False,False
1401,CYP3A4,False,True,False
1402,GPR182,True,False,True
1403,LAMP1,True,True,False
1404,MRGPRX1,True,True,True
1405,ANGPTL4,True,False,False
1406,CD3D,True,False,False
1407,COL22A1,False,True,False
1408,SSTR2,True,True,True
1409,APCDD1,True,False,False
1410,TECTA,True,False,False
1411,DLK2,True,False,False
1412,BGN,True,False,False
1413,DSC3,True,True,False
1414,LRRN3,True,False,False
1415,FSHR,True,True,True
1416,EDNRB,True,False,True
1417,PTMA,True,False,False
1418,IL16,True,True,True
1419,PTCH1,True,True,True
1420,ITGAE,True,True,True
1421,DHCR24,False,True,False
1422,IL1B,True,True,True
1423,GZMB,True,False,True
1424,CD96,True,True,False
1425,GPR1,False,True,True
1426,PTPN6,True,False,False
1427,AVPR1A,True,True,True
1428,POSTN,True,False,False
1429,NPTX1,True,False,False
1430,CHL1,True,False,False
1431,KLRG1,True,True,False
1432,2,True,False,False
1433,C4BPA,True,False,False
1434,MSTN,True,True,False
1435,IL1A,True,True,True
1436,CMKLR2,True,False,False
1437,APOA4,True,False,False
1438,CKAP4,True,False,False
1439,CDH7,True,False,False
1440,CEACAM19,True,False,False
1441,ROBO2,True,True,True
1442,MARCO,True,True,False
1443,FYN,True,False,False
1444,GGT5,False,True,False
1445,LRP8,True,True,True
1446,TDGF1,True,True,True
1447,CIRBP,True,False,False
1448,TBXA2R,True,True,False
1449,PLAUR,True,True,True
1450,TIGIT,True,True,True
1451,LHB,True,True,True
1452,GPC4,True,False,False
1453,NR1H4,False,True,False
1454,NLGN2,True,False,True
1455,CGB8,True,False,False
1456,PRLR,True,True,True
1457,HSP90B1,True,False,True
1458,GPR39,True,False,True
1459,NPR2,True,True,True
1460,IFNA17,True,True,True
1461,TNFRSF4,True,True,True
1462,WNT10B,True,False,False
1463,SCGB3A1,True,True,False
1464,EPOR,True,True,True
1465,CATSPER1,True,True,False
1466,F8,True,False,True
1467,RPSA,True,False,True
1468,BMP4,True,True,True
1469,UNC5C,True,True,True
1470,KIR2DS1,True,False,False
1471,DSG4,True,False,False
1472,CCKAR,True,True,True
1473,SCARA5,True,True,False
1474,FTH1,False,True,False
1475,SELPLG,True,True,True
1476,S1PR5,True,False,False
1477,CCL1,True,True,True
1478,ADGRG5,False,True,False
1479,SST,True,True,True
1480,TNF,True,True,True
1481,LGALS8,True,False,False
1482,EREG,True,True,True
1483,ADM2,True,True,True
1484,SLITRK3,True,False,False
1485,VGF,False,True,False
1486,FGF14,True,False,True
1487,CD58,True,True,True
1488,CCL3L3,False,False,True
1489,LGR5,True,True,True
1490,TLR8,False,True,False
1491,MCHR2,True,True,True
1492,LAMA2,True,False,True
1493,ARPC5,True,False,False
1494,RETN,True,True,False
1495,SPINT1,True,False,False
1496,IL13RA2,True,True,True
1497,PLXNA3,True,True,True
1498,CORT,True,True,True
1499,HSD17B1,False,True,False
1500,CAV1,True,False,False
1501,RAET1L,True,True,False
1502,CCR9,True,True,True
1503,ICAM2,True,True,True
1504,ASGR2,True,True,False
1505,IL10RB,True,True,True
1506,TNFSF11,True,True,True
1507,FGF17,True,True,True
1508,FTL,False,True,False
1509,LRIG2,True,False,False
1510,FGF2,True,True,True
1511,IL20,True,True,True
1512,ITGA2,True,True,True
1513,CCR3,True,True,True
1514,TLR1,True,False,False
1515,RGMB,True,False,False
1516,PDGFD,True,True,True
1517,CD36,True,True,True
1518,VWF,True,True,True
1519,MYL9,True,False,False
1520,TREM2,True,True,False
1521,VCAM1,True,True,True
1522,HBEGF,True,True,True
1523,GDF6,True,True,True
1524,FCER2,True,True,False
1525,HTR3C,False,True,False
1526,SLURP1,True,True,False
1527,BST2,True,True,False
1528,GGT1,False,True,False
1529,SMO,True,True,True
1530,TGFB2,True,True,True
1531,OPRL1,True,True,True
1532,WNT2B,True,True,False
1533,AMBN,True,False,False
1534,CD226,True,True,True
1535,NTN4,True,True,True
1536,SLC37A1,True,False,False
1537,LAMB1,True,False,True
1538,GP5,True,False,True
1539,IL6R,True,True,True
1540,IGSF1,True,False,False
1541,CD1C,True,False,False
1542,SLC16A2,True,False,False
1543,CHRM1,True,True,False
1544,TCTN1,True,False,False
1545,SLC4A11,True,False,False
1546,FZD10,True,True,True
1547,CCL25,True,True,True
1548,TGFBR1,True,True,True
1549,UBASH3B,False,True,False
1550,MAGED1,True,False,False
1551,CNTN5,True,False,False
1552,FST,True,False,False
1553,IL36RN,True,True,False
1554,FPR1,True,True,True
1555,CTF1,True,False,True
1556,KIR2DL3,True,True,True
1557,LGR6,True,True,True
1558,HLA-C,True,True,True
1559,EFNB1,True,True,True
1560,ITGB2,True,True,True
1561,SELP,True,True,True
1562,JAML,True,False,False
1563,RXFP2,True,True,True
1564,SLURP2,True,False,False
1565,ALKAL2,True,False,False
1566,IFNA1,True,True,True
1567,COL11A2,True,True,False
1568,CXADR,True,True,False
1569,SEMA6D,True,True,True
1570,TNFSF12,True,True,True
1571,IL2RB,True,True,True
1572,ANGPTL2,True,False,False
1573,CD46,True,True,False
1574,PVRIG,True,False,False
1575,IFNB1,True,True,True
1576,BTLA,True,True,True
1577,ADAM9,True,False,True
1578,MMP9,True,False,True
1579,TNFRSF10D,True,True,True
1580,WNT7B,True,True,True
1581,COL21A1,False,True,False
1582,PPARA,False,True,False
1583,RARRES1,True,False,False
1584,HPGDS,True,False,False
1585,RPS19,True,True,True
1586,SERPINA1,True,False,True
1587,ITGB3BP,True,False,False
1588,LTF,True,False,True
1589,AMN,False,True,False
1590,EDN3,True,False,True
1591,FXYD6,True,False,False
1592,IFNW1,True,True,True
1593,HSPG2,True,False,True
1594,VSTM1,False,True,False
1595,WISP3,False,True,False
1596,CXCL6,True,True,True
1597,PSG5,True,False,False
1598,CALR,True,False,True
1599,APOE,True,True,True
1600,COL15A1,False,True,False
1601,WNT11,True,True,True
1602,FDXR,False,True,False
1603,NAMPT,True,True,True
1604,RNASET2,False,True,False
1605,MLNR,True,True,True
1606,ITGA8,True,True,True
1607,CMKLR1,True,True,True
1608,BCR,False,True,False
1609,GHRH,True,True,True
1610,ALOX5AP,False,True,True
1611,VTN,True,True,True
1612,SOSTDC1,True,True,False
1613,CSPG4,True,True,False
1614,MFRP,True,False,False
1615,XCL2,True,True,True
1616,APLNR,True,True,True
1617,CGN,True,False,False
1618,TFR2,True,True,False
1619,INHBE,True,True,True
1620,NOTCH2,True,True,True
1621,INHA,True,True,True
1622,IL6ST,True,True,True
1623,GNRHR2,False,True,False
1624,COL9A2,True,True,False
1625,ADGRA2,True,False,False
1626,MCAM,True,False,False
1627,ITIH2,True,False,False
1628,MOG,True,False,False
1629,DLL3,True,True,True
1630,JAM2,True,True,True
1631,ADIPOR1,True,True,True
1632,FLT1,True,True,True
1633,NPNT,True,False,True
1634,CEL,True,True,False
1635,TRAF2,True,False,True
1636,LRP11,True,False,True
1637,SPTAN1,True,False,False
1638,FGL1,True,True,False
1639,ALDH1A3,False,True,False
1640,LAT,True,False,False
1641,GDF3,True,True,False
1642,FZD6,True,True,True
1643,GDF2,True,True,True
1644,HTR2A,True,True,True
1645,DBH,False,True,False
1646,TG,True,True,False
1647,ORM1,True,False,False
1648,HLA-DQA2,True,False,False
1649,GPR84,True,False,False
1650,ICAM4,True,True,True
1651,SAA1,True,True,True
1652,IL5,True,True,True
1653,MUSK,True,True,True
1654,IL6,True,True,True
1655,CD86,True,True,True
1656,OXTR,True,True,True
1657,CD8B,False,True,False
1658,DLL4,True,True,True
1659,PLG,True,True,True
1660,AQP1,True,False,False
1661,GPR42,True,True,False
1662,ICOS,True,True,True
1663,ADRB1,True,True,False
1664,NEO1,True,False,True
1665,CD151,True,False,True
1666,SUSD2,False,True,False
1667,MFGE8,True,False,False
1668,C3AR1,True,True,True
1669,ACVR1B,True,True,True
1670,SSTR4,True,True,True
1671,COL8A2,True,True,False
1672,SOCS2,True,False,False
1673,CYP11B1,False,True,False
1674,OMG,True,False,True
1675,LIN7C,True,False,False
1676,LAMB3,True,False,False
1677,IFNK,True,True,True
1678,THBS2,True,True,True
1679,COL3A1,True,True,False
1680,COL1A2,True,True,False
1681,F2RL2,True,False,True
1682,MMP1,True,False,False
1683,KDR,True,True,True
1684,F10,True,True,False
1685,GIP,True,True,True
1686,ERFE,False,True,False
1687,TSPAN17,True,False,False
1688,NPS,True,True,True
1689,TFF3,True,False,False
1690,CXCR2,True,True,True
1691,PROCR,True,True,True
1692,IL9,True,True,True
1693,ADAMTS3,True,False,False
1694,CD33,True,False,False
1695,PGLYRP1,True,False,False
1696,CD99,True,True,True
1697,IL13RA1,True,True,True
1698,APOO,True,False,False
1699,FBLN2,True,False,False
1700,LGR4,True,True,True
1701,EFNB3,True,True,True
1702,COLEC12,False,True,False
1703,COL2A1,True,True,True
1704,LPA,True,False,False
1705,NPW,True,True,True
1706,CD200R1L,True,False,False
1707,CHRM5,False,True,False
1708,EPHA7,True,True,True
1709,COL4A6,True,True,False
1710,SLC7A1,False,True,False
1711,DDR2,True,False,True
1712,NRXN2,True,False,True
1713,GRIN2C,True,True,False
1714,HTR2C,True,True,True
1715,TNFRSF17,True,True,True
1716,LACRT,True,False,False
1717,WNT4,True,True,True
1718,ACE,True,False,False
1719,TSPAN5,True,False,False
1720,VEGFA,True,True,True
1721,HMGB1,True,False,False
1722,IL12A,True,True,True
1723,SEMA4D,True,True,True
1724,DCN,True,False,False
1725,IGFBP7,True,False,False
1726,CD93,True,False,False
1727,ADAM11,True,False,False
1728,LINGO4,True,False,False
1729,PNMT,False,True,False
1730,SOST,True,False,True
1731,MATN1,True,False,False
1732,PGRMC2,False,True,False
1733,MC3R,True,True,True
1734,IGSF11,True,False,False
1735,CD19,True,False,False
1736,RAET1E,True,True,False
1737,ADAM23,True,False,True
1738,BAG6,True,True,False
1739,SIRPA,True,True,False
1740,GPRC6A,True,False,False
1741,ITGB8,True,True,True
1742,TACR1,True,True,True
1743,KLRF1,True,True,False
1744,NCAN,True,False,False
1745,DAGLA,False,True,False
1746,IL1RAP,True,True,True
1747,CSF1,True,True,True
1748,TAC4,True,False,True
1749,VEGFC,True,True,True
1750,CD8A,True,True,True
1751,CSH1,True,False,True
1752,NRG4,True,True,True
1753,SIRPG,True,True,False
1754,CLEC3A,True,False,False
1755,PDCD1,True,True,True
1756,TMEM67,True,False,False
1757,SCN5A,True,False,False
1758,SERPINE2,True,False,True
1759,HTR3D,False,True,False
1760,PTK7,True,False,False
1761,AMFR,True,False,True
1762,IFNA21,True,True,True
1763,CDH2,True,False,True
1764,PROC,True,True,True
1765,TSPAN12,True,False,False
1766,CCL18,True,True,False
1767,CD300LF,True,False,False
1768,COL9A1,True,True,False
1769,IL12RB1,True,True,True
1770,TNFRSF10C,True,True,True
1771,NUCB2,True,False,True
1772,RACK1,True,False,False
1773,GFRA1,True,True,True
1774,FZD3,True,True,True
1775,RGMA,True,False,True
1776,MTNR1A,True,True,True
1777,LRPAP1,True,True,True
1778,NTS,True,True,True
1779,ASIP,True,True,True
1780,STAB2,True,False,False
1781,BDNF,True,True,True
1782,VASP,True,False,False
1783,CD80,True,True,True
1784,OCLN,True,False,True
1785,A2M,True,False,True
1786,OMD,False,True,False
1787,LRRTM2,True,False,False
1788,IL3,True,True,True
1789,DRAXIN,True,False,False
1790,DEFB4A,False,False,True
1791,CTSG,False,False,True
1792,GDNF,True,True,True
1793,TSPAN1,True,False,False
1794,SHANK1,True,False,False
1795,PODXL2,True,True,True
1796,PLD1,True,False,False
1797,AXL,True,True,True
1798,MUC2,True,False,False
1799,GAD1,True,False,True
1800,JAG1,True,True,True
1801,GALR2,True,True,True
1802,NPPA,True,True,True
1803,SDC1,True,False,True
1804,NPY2R,True,True,True
1805,GREM1,True,False,False
1806,DSPP,True,False,False
1807,PLPP6,True,False,False
1808,SEMA6A,False,True,False
1809,KLRK1,True,True,True
1810,CD82,True,False,False
1811,RLN1,True,True,True
1812,ADAM10,True,False,False
1813,CCN2,True,False,False
1814,F2R,True,False,True
1815,IL1RL2,True,True,False
1816,ANG,True,False,False
1817,DDR1,True,True,True
1818,SDC4,True,False,True
1819,IL37,True,True,False
1820,IL27,True,True,False
1821,DSC2,True,True,False
1822,IFNA10,True,True,True
1823,IL2,True,True,True
1824,NR3C1,False,True,False
1825,KLRC3,True,True,False
1826,ADORA3,True,True,False
1827,CD244,True,True,False
1828,PTGES3,False,True,False
1829,ITGB4,True,True,True
1830,FAP,True,False,False
1831,PTPRC,True,True,True
1832,CCN6,True,False,False
1833,CD9,True,False,False
1834,DSG2,True,True,False
1835,GHR,True,True,True
1836,NT5E,True,False,False
1837,CYSLTR2,False,True,False
1838,YARS,False,True,True
1839,ITGB5,True,True,True
1840,IL17RB,True,True,True
1841,CFP,True,False,False
1842,SEMA6B,True,False,False
1843,CYP27B1,False,True,False
1844,CNR2,True,True,False
1845,IDE,False,True,False
1846,PDCD1LG2,True,True,True
1847,TIMP3,True,False,False
1848,SCGB1A1,True,False,False
1849,CPAMD8,True,False,False
1850,TFPI,True,False,True
1851,SSTR5,True,True,True
1852,KCND2,True,False,False
1853,MPZ,False,False,True
1854,PF4V1,True,False,False
1855,NGFR,True,True,True
1856,ANTXR1,True,True,False
1857,BPI,True,False,False
1858,SLC17A7,True,False,False
1859,S1PR4,True,False,False
1860,ACVR1,True,True,True
1861,CXCR6,True,True,True
1862,CD27,True,True,True
1863,LTB4R2,False,True,False
1864,CD69,True,False,False
1865,ANGPT2,True,True,True
1866,VCL,True,False,False
1867,MFAP3L,True,False,False
1868,SRD5A1,False,True,False
1869,APOA2,True,True,False
1870,PTPRR,False,True,False
1871,PECAM1,True,True,True
1872,TECTB,True,False,False
1873,ULBP2,True,True,True
1874,LTBR,True,True,True
1875,COL6A3,True,True,False
1876,MST1,True,True,True
1877,CNTN2,True,False,True
1878,NRG1,True,True,True
1879,ARTN,True,True,True
1880,SIRPB2,True,False,False
1881,BTC,True,True,True
1882,AZGP1,True,False,False
1883,CCL23,True,True,True
1884,MLN,True,True,True
1885,FGF5,True,True,True
1886,BMPR2,True,True,True
1887,VEGFD,True,True,True
1888,CLEC4A,True,False,False
1889,HRAS,True,False,False
1890,HTR3A,False,True,False
1891,FAM3C,True,True,False
1892,CD83,False,True,False
1893,NRCAM,True,False,True
1894,NCSTN,True,False,True
1895,CD6,True,True,True
1896,RORC,False,True,False
1897,GDF7,True,True,True
1898,HTR7,True,True,True
1899,IFNL3,True,True,True
1900,CCL15,True,True,True
1901,APOC3,True,False,False
1902,EDA2R,True,True,True
1903,LPAR4,True,False,True
1904,TAC3,True,True,True
1905,SSTR1,True,True,True
1906,TRADD,True,False,False
1907,GPR19,True,True,False
1908,TGFB3,True,True,True
1909,WNT9A,True,True,False
1910,GALR1,True,True,True
1911,CXCL12,True,True,True
1912,SORL1,True,True,True
1913,ERAP1,True,False,True
1914,CEACAM1,True,True,False
1915,PTPRU,True,True,False
1916,S100A1,True,False,False
1917,NCR3,True,True,False
1918,CDH11,True,False,False
1919,NDP,True,True,True
1920,IGDCC4,True,False,False
1921,FGFRL1,True,True,False
1922,SELE,True,True,True
1923,GRIN2D,True,True,False
1924,IFNLR1,True,True,True
1925,PTPRM,True,False,True
1926,NPY4R,True,True,True
1927,MIF,True,True,False
1928,PSPN,True,True,True
1929,WNT1,True,True,True
1930,EFEMP1,True,False,False
1931,CD1B,True,False,False
1932,LIPA,False,True,False
1933,IFNA4,True,True,True
1934,IL1RN,True,True,True
1935,NRG3,True,True,True
1936,ITGA5,True,True,True
1937,CCL14,True,True,True
1938,CRP,True,False,False
1939,SPON1,True,False,False
1940,MILR1,True,False,False
1941,FGF23,True,True,True
1942,THBS1,True,True,True
1943,ROS1,False,True,False
1944,SCEL,True,False,False
1945,APOD,True,False,False
1946,CCR1,True,True,True
1947,MSMP,True,False,False
1948,TRPV2,False,False,True
1949,SEMA3F,True,True,True
1950,GALP,True,True,True
1951,GRM5,True,False,False
1952,HAVCR1,True,False,False
1953,TSHB,True,True,True
1954,HSPA8,True,False,False
1955,COL17A1,True,True,False
1956,IL10RA,True,True,True
1957,TNFSF13B,True,True,True
1958,S100A12,True,False,False
1959,RHBDF2,True,False,False
1960,CCL3L1,True,True,False
1961,GREM2,True,False,False
1962,PLXNC1,True,True,True
1963,CYP11B2,False,True,False
1964,BDKRB2,True,True,True
1965,MSN,True,False,False
1966,TLR5,True,False,False
1967,OXT,True,True,True
1968,FGF7,True,True,True
1969,SCUBE2,True,False,False
1970,PSEN1,True,False,True
1971,TREML2,True,True,False
1972,FSTL5,True,False,False
1973,DYSF,True,False,False
1974,ACKR4,True,True,True
1975,PTPRJ,True,False,False
1976,EGFR,True,True,True
1977,CHRNA9,True,False,False
1978,IL22,True,True,True
1979,PILRB,True,False,False
1980,TF,True,True,True
1981,CD53,True,False,False
1982,SPON2,True,False,False
1983,ISLR2,True,False,False
1984,CX3CR1,True,True,True
1985,KIR2DL1,True,True,True
1986,MTMR4,True,False,False
1987,GUCA2B,True,True,True
1988,ITGB7,True,True,True
1989,SIGIRR,True,True,False
1990,COL8A1,True,True,False
1991,TNFRSF13C,True,True,True
1992,CXCL1,True,True,True
1993,IL17C,True,True,True
1994,TSPAN10,True,False,False
1995,GPI,True,True,True
1996,GSTO1,True,False,False
1997,CHRM2,False,True,False
1998,ESR2,False,True,False
1999,COL4A4,True,True,False
2000,HDC,True,True,True
2001,TYK2,True,False,False
2002,EPO,True,True,True
2003,COL14A1,True,True,False
2004,PROK1,True,True,True
2005,CRHR1,True,True,True
2006,GPR143,False,True,False
2007,EPB41L1,False,True,False
2008,TNFRSF14,True,True,True
2009,GLG1,True,True,True
2010,PF4,True,True,True
2011,NMBR,True,True,True
2012,GAL,True,True,True
2013,APLN,True,True,True
2014,CD52,True,True,False
2015,IGFL3,True,True,False
2016,IFNA6,True,True,True
2017,IFNA5,True,True,True
2018,GNRH2,True,True,True
2019,COL5A1,True,True,False
2020,PDE1B,True,False,True
2021,TSHR,True,True,True
2022,GPR151,True,True,False
2023,CCL19,True,True,True
2024,SLC18A3,True,False,False
2025,PTGES2,False,True,False
2026,FGF4,True,True,True
2027,LAIR1,True,True,False
2028,ATP1A3,True,False,False
2029,ITGA9,True,True,True
2030,P2RY12,True,False,False
2031,RLN2,True,True,True
2032,ANXA2,True,False,False
2033,SFTPD,True,False,False
2034,FDX2,False,True,False
2035,DKK2,True,True,True
2036,VIPR1,True,True,True
2037,TNFRSF19,True,False,True
2038,COL19A1,False,True,False
2039,FAM213B,False,True,False
2040,GH1,True,True,True
2041,GPHB5,True,True,False
2042,PLXDC1,True,False,False
2043,SLC6A8,True,False,False
2044,FRZB,False,True,False
2045,VIP,True,True,True
2046,HTR6,True,True,True
2047,PTGER4,True,True,False
2048,UCN,True,True,True
2049,IL26,True,True,False
2050,ADGRG3,False,True,False
2051,S100A4,True,False,False
2052,NPFFR1,True,True,True
2053,LILRB3,True,False,False
2054,AGR2,True,False,False
2055,COL6A2,True,True,False
2056,IGDCC3,True,False,False
2057,FLT3,True,True,True
2058,SECTM1,True,False,False
2059,ADGRL4,True,False,False
2060,SCTR,True,True,True
2061,RYR1,True,False,False
2062,CLDN24,False,False,True
2063,SULT2A1,False,True,False
2064,CD200,True,True,False
2065,IL9R,True,True,True
2066,CCR8,True,True,True
2067,WNT7A,True,True,True
2068,COL5A3,True,True,True
